Date,Open,High,Low,Close,Volume,Dividends,Stock Splits
2022-02-28 00:00:00+00:00,85.09622955322266,85.10730743408203,80.76268768310547,80.77025604248047,27689,0.0,0.0
2022-03-01 00:00:00+00:00,80.76917266845703,81.94860076904297,79.08299255371094,79.1106948852539,18546,0.0,0.0
2022-03-02 00:00:00+00:00,79.10980987548828,81.44602966308594,76.91495513916016,77.61961364746094,23427,0.0,0.0
2022-03-03 00:00:00+00:00,77.61924743652344,78.69770050048828,76.90951538085938,77.43833923339844,19508,0.0,0.0
2022-03-04 00:00:00+00:00,77.44026184082031,79.37881469726562,76.66352844238281,79.34886169433594,10493,0.0,0.0
2022-03-05 00:00:00+00:00,79.355224609375,81.84812927246094,79.18250274658203,80.37427520751953,13942,0.0,0.0
2022-03-06 00:00:00+00:00,80.37495422363281,80.44096374511719,80.07514953613281,80.17384338378906,6992,0.0,0.0
2022-03-07 00:00:00+00:00,80.17581176757812,82.78032684326172,80.12472534179688,82.5058364868164,11390,0.0,0.0
2022-03-08 00:00:00+00:00,82.5030746459961,86.2395248413086,82.50048065185547,85.49588012695312,17781,0.0,0.0
2022-03-09 00:00:00+00:00,85.49662017822266,85.58088684082031,81.65679931640625,83.32154083251953,17202,0.0,0.0
2022-03-10 00:00:00+00:00,83.32073974609375,84.86259460449219,83.25685119628906,84.83869934082031,11830,0.0,0.0
2022-03-11 00:00:00+00:00,84.83927154541016,84.87059783935547,84.78498077392578,84.79972839355469,2016,0.0,0.0
2022-03-12 00:00:00+00:00,84.80018615722656,84.80123901367188,84.7986831665039,84.80036163330078,0,0.0,0.0
2022-03-13 00:00:00+00:00,84.80036163330078,84.80036163330078,84.80036163330078,84.80036163330078,0,0.0,0.0
2022-03-14 00:00:00+00:00,84.80036163330078,84.80036163330078,82.42609405517578,83.67118072509766,1153,0.0,0.0
2022-03-15 00:00:00+00:00,83.6696548461914,85.93324279785156,82.57342529296875,82.6284408569336,8537,0.0,0.0
2022-03-16 00:00:00+00:00,82.62797546386719,82.62797546386719,82.62267303466797,82.6257553100586,0,0.0,0.0
2022-03-17 00:00:00+00:00,82.6257553100586,82.6257553100586,82.6257553100586,82.6257553100586,0,0.0,0.0
2022-03-18 00:00:00+00:00,82.6257553100586,82.6257553100586,82.6257553100586,82.6257553100586,0,0.0,0.0
2022-03-19 00:00:00+00:00,82.6257553100586,82.6257553100586,74.68330383300781,74.68458557128906,5504,0.0,0.0
2022-03-20 00:00:00+00:00,74.68513488769531,75.50910949707031,72.9494857788086,74.34258270263672,4248,0.0,0.0
2022-03-21 00:00:00+00:00,74.34219360351562,77.09654235839844,74.30292510986328,75.31556701660156,8795,0.0,0.0
2022-03-22 00:00:00+00:00,75.31494903564453,76.15052032470703,74.57791900634766,74.60585021972656,10431,0.0,0.0
2022-03-23 00:00:00+00:00,74.60484313964844,75.34326934814453,72.94468688964844,73.03446197509766,5871,0.0,0.0
2022-03-24 00:00:00+00:00,73.03616333007812,73.87248229980469,69.74114227294922,69.76985931396484,9307,0.0,0.0
2022-03-25 00:00:00+00:00,69.76969909667969,70.99703216552734,65.77180480957031,65.7961654663086,13180,0.0,0.0
2022-03-26 00:00:00+00:00,65.79946899414062,67.57915496826172,57.70462417602539,65.17485809326172,39102,0.0,0.0
2022-03-27 00:00:00+00:00,65.17669677734375,69.292724609375,65.1704330444336,69.2721176147461,37205,0.0,0.0
2022-03-28 00:00:00+00:00,69.27251434326172,69.90219116210938,66.427734375,66.4872055053711,11299,0.0,0.0
2022-03-29 00:00:00+00:00,66.48308563232422,68.5562744140625,64.99720001220703,65.3204574584961,10207,0.0,0.0
2022-03-30 00:00:00+00:00,65.32040405273438,67.07604217529297,63.69380187988281,64.49583435058594,9665,0.0,0.0
2022-03-31 00:00:00+00:00,64.49694061279297,70.48619842529297,64.47925567626953,64.94092559814453,16136,0.0,0.0
2022-04-01 00:00:00+00:00,64.94540405273438,67.881591796875,62.99197006225586,63.47240447998047,22440,0.0,0.0
2022-04-02 00:00:00+00:00,63.473236083984375,65.47054290771484,61.71244812011719,62.45860290527344,17375,0.0,0.0
2022-04-03 00:00:00+00:00,62.45613098144531,64.8730697631836,61.92856216430664,62.16740036010742,12908,0.0,0.0
2022-04-04 00:00:00+00:00,62.16703414916992,65.40934753417969,62.044677734375,62.078216552734375,14099,0.0,0.0
2022-04-05 00:00:00+00:00,62.07919692993164,67.72795867919922,62.049442291259766,65.20321655273438,19338,0.0,0.0
2022-04-06 00:00:00+00:00,65.20081329345703,68.5978012084961,65.00389862060547,67.31336975097656,34978,0.0,0.0
2022-04-07 00:00:00+00:00,67.3151626586914,69.16818237304688,66.66136169433594,66.67427825927734,30404,0.0,0.0
2022-04-08 00:00:00+00:00,66.67909240722656,67.99242401123047,63.16476821899414,64.52864074707031,15751,0.0,0.0
2022-04-09 00:00:00+00:00,64.5289535522461,66.641357421875,63.40148162841797,63.442264556884766,11058,0.0,0.0
2022-04-10 00:00:00+00:00,63.442283630371094,69.93756866455078,61.68246078491211,61.712188720703125,26451,0.0,0.0
2022-04-11 00:00:00+00:00,61.71649169921875,67.39556884765625,61.69261169433594,67.36182403564453,34342,0.0,0.0
2022-04-12 00:00:00+00:00,67.36734008789062,70.0337905883789,67.01787567138672,67.05792999267578,31485,0.0,0.0
2022-04-13 00:00:00+00:00,67.05548858642578,68.5323486328125,65.22003936767578,65.22003936767578,21080,0.0,0.0
2022-04-14 00:00:00+00:00,65.2187271118164,66.43721771240234,60.49275588989258,62.609771728515625,14309,0.0,0.0
2022-04-15 00:00:00+00:00,62.60926055908203,64.12303924560547,59.988853454589844,60.35963821411133,15781,0.0,0.0
2022-04-16 00:00:00+00:00,60.35848617553711,62.993492126464844,60.34569549560547,60.82560729980469,8219,0.0,0.0
2022-04-17 00:00:00+00:00,60.82415008544922,63.78026580810547,60.77545928955078,63.385009765625,5470,0.0,0.0
2022-04-18 00:00:00+00:00,63.385948181152344,69.63372802734375,63.3577766418457,63.45932388305664,20293,0.0,0.0
2022-04-19 00:00:00+00:00,63.45994567871094,65.19007873535156,59.633514404296875,61.37495422363281,26242,0.0,0.0
2022-04-20 00:00:00+00:00,61.375648498535156,66.2626724243164,61.34264373779297,62.86716842651367,15615,0.0,0.0
2022-04-21 00:00:00+00:00,62.8666877746582,65.35791015625,62.39064025878906,62.443241119384766,8589,0.0,0.0
2022-04-22 00:00:00+00:00,62.441097259521484,64.1217041015625,61.93339538574219,61.979007720947266,4353,0.0,0.0
2022-04-23 00:00:00+00:00,61.98137283325195,64.7267074584961,61.53628158569336,61.564178466796875,4301,0.0,0.0
2022-04-24 00:00:00+00:00,61.55109405517578,63.79571533203125,61.32334899902344,62.3238410949707,6050,0.0,0.0
2022-04-25 00:00:00+00:00,62.32365417480469,66.78939056396484,62.295570373535156,66.66878509521484,5999,0.0,0.0
2022-04-26 00:00:00+00:00,66.6669921875,66.80455017089844,65.273681640625,66.77531433105469,8009,0.0,0.0
2022-04-27 00:00:00+00:00,66.7754898071289,66.82286071777344,66.73583221435547,66.78826904296875,5703,0.0,0.0
2022-04-28 00:00:00+00:00,66.78755187988281,68.49764251708984,64.98519134521484,65.00597381591797,3313,0.0,0.0
2022-04-29 00:00:00+00:00,65.00457763671875,65.8733139038086,62.759151458740234,62.785430908203125,5553,0.0,0.0
2022-04-30 00:00:00+00:00,62.78453063964844,64.47637939453125,60.58598709106445,61.057273864746094,6319,0.0,0.0
2022-05-01 00:00:00+00:00,61.05628967285156,64.26437377929688,61.01853942871094,63.35582733154297,5523,0.0,0.0
2022-05-02 00:00:00+00:00,63.35456848144531,64.53826904296875,63.312591552734375,64.37808990478516,1831,0.0,0.0
2022-05-03 00:00:00+00:00,64.37779998779297,66.31157684326172,64.35992431640625,65.40823364257812,1037,0.0,0.0
2022-05-04 00:00:00+00:00,65.40814971923828,67.08060455322266,64.26900482177734,64.26940155029297,2507,0.0,0.0
2022-05-05 00:00:00+00:00,64.26869201660156,65.94680786132812,61.17225646972656,65.9041748046875,9203,0.0,0.0
2022-05-06 00:00:00+00:00,65.90345001220703,67.6153793334961,63.95819854736328,63.98673629760742,9747,0.0,0.0
2022-05-07 00:00:00+00:00,63.98623275756836,65.49789428710938,63.95760726928711,64.32301330566406,3159,0.0,0.0
2022-05-08 00:00:00+00:00,64.32377624511719,68.12022399902344,64.30571746826172,68.08421325683594,2035,0.0,0.0
2022-05-09 00:00:00+00:00,68.07789611816406,82.65023803710938,68.04759979248047,82.56046295166016,9247,0.0,0.0
2022-05-10 00:00:00+00:00,82.55888366699219,87.60533905029297,73.78990173339844,80.46800994873047,23966,0.0,0.0
2022-05-11 00:00:00+00:00,80.46452331542969,101.16885375976562,80.46098327636719,101.10990142822266,36114,0.0,0.0
2022-05-12 00:00:00+00:00,101.11101531982422,129.85707092285156,101.11101531982422,128.6509246826172,35481,0.0,0.0
2022-05-13 00:00:00+00:00,128.6435089111328,128.72776794433594,96.0723876953125,99.76828002929688,27481,0.0,0.0
2022-05-14 00:00:00+00:00,99.77543640136719,99.82893371582031,99.70330047607422,99.77171325683594,12261,0.0,0.0
2022-05-15 00:00:00+00:00,99.77039337158203,100.42672729492188,98.00082397460938,98.01981353759766,1704,0.0,0.0
2022-05-16 00:00:00+00:00,98.02104187011719,98.08189392089844,97.97637939453125,98.05880737304688,1705,0.0,0.0
2022-05-17 00:00:00+00:00,98.06299591064453,100.84014129638672,91.3967514038086,91.3967514038086,6693,0.0,0.0
2022-05-18 00:00:00+00:00,91.39672088623047,97.09137725830078,90.21255493164062,97.04298400878906,10724,0.0,0.0
2022-05-19 00:00:00+00:00,97.04671478271484,103.35077667236328,95.6300277709961,95.65943908691406,7663,0.0,0.0
2022-05-20 00:00:00+00:00,95.66033172607422,96.34491729736328,90.12266540527344,91.41243743896484,7498,0.0,0.0
2022-05-21 00:00:00+00:00,91.41583251953125,94.39692687988281,89.47392272949219,89.49883270263672,6537,0.0,0.0
2022-05-22 00:00:00+00:00,89.49783325195312,91.04014587402344,85.87413024902344,85.87862396240234,6323,0.0,0.0
2022-05-23 00:00:00+00:00,85.88062286376953,102.85005187988281,83.04308319091797,84.8702392578125,19804,0.0,0.0
2022-05-24 00:00:00+00:00,84.87090301513672,98.8382568359375,83.18282318115234,87.60828399658203,31913,0.0,0.0
2022-05-25 00:00:00+00:00,87.60807800292969,87.68079376220703,86.39321899414062,86.3969497680664,16267,0.0,0.0
2022-05-26 00:00:00+00:00,86.3984146118164,91.60542297363281,86.39319610595703,86.39706420898438,14684,0.0,0.0
2022-05-27 00:00:00+00:00,86.39998626708984,87.74298095703125,86.39998626708984,87.73424530029297,15045,0.0,0.0
2022-05-28 00:00:00+00:00,87.72093200683594,87.92764282226562,86.2607421875,86.28006744384766,1915,0.0,0.0
2022-05-29 00:00:00+00:00,86.27995300292969,87.23188018798828,85.7778549194336,85.92313385009766,2994,0.0,0.0
2022-05-30 00:00:00+00:00,85.92158508300781,85.94754791259766,80.19214630126953,80.7511978149414,9390,0.0,0.0
2022-05-31 00:00:00+00:00,80.74961853027344,80.92169952392578,78.46143341064453,78.73408508300781,11298,0.0,0.0
2022-06-01 00:00:00+00:00,78.73456573486328,79.91488647460938,76.62169647216797,79.8679428100586,12853,0.0,0.0
2022-06-02 00:00:00+00:00,79.86869812011719,80.19738006591797,78.24759674072266,78.85530090332031,11340,0.0,0.0
2022-06-03 00:00:00+00:00,78.8590316772461,78.88533782958984,77.61457061767578,77.93354034423828,3411,0.0,0.0
2022-06-04 00:00:00+00:00,77.93600463867188,77.95450592041016,76.64035034179688,76.67212677001953,3074,0.0,0.0
2022-06-05 00:00:00+00:00,76.66926574707031,77.64131164550781,74.60010528564453,75.59046936035156,6153,0.0,0.0
2022-06-06 00:00:00+00:00,75.59016418457031,76.5644760131836,73.40049743652344,73.67841339111328,6425,0.0,0.0
2022-06-07 00:00:00+00:00,73.6789321899414,77.09821319580078,73.10688781738281,75.46439361572266,5693,0.0,0.0
2022-06-08 00:00:00+00:00,75.4599838256836,76.67637634277344,75.44828033447266,76.6294937133789,3793,0.0,0.0
2022-06-09 00:00:00+00:00,76.62897491455078,77.52632904052734,75.90595245361328,76.47523498535156,1445,0.0,0.0
2022-06-10 00:00:00+00:00,76.47251892089844,80.39283752441406,76.4334716796875,79.37663269042969,3364,0.0,0.0
2022-06-11 00:00:00+00:00,79.37861633300781,86.91886901855469,78.36019897460938,81.4011459350586,14778,0.0,0.0
2022-06-12 00:00:00+00:00,81.40973663330078,87.5918197631836,80.84620666503906,87.55677032470703,28981,0.0,0.0
2022-06-13 00:00:00+00:00,87.55021667480469,111.75054931640625,87.54517364501953,111.09194946289062,35256,0.0,0.0
2022-06-14 00:00:00+00:00,111.09968566894531,115.64138793945312,106.9796142578125,109.97178649902344,24483,0.0,0.0
2022-06-15 00:00:00+00:00,109.96244812011719,142.19532775878906,105.25332641601562,105.31661224365234,36293,0.0,0.0
2022-06-16 00:00:00+00:00,105.3172836303711,120.886474609375,97.74847412109375,120.85781860351562,42978,0.0,0.0
2022-06-17 00:00:00+00:00,120.8676986694336,122.9695053100586,111.21070098876953,112.33916473388672,17627,0.0,0.0
2022-06-18 00:00:00+00:00,112.332763671875,128.91140747070312,111.92491149902344,126.0992431640625,15560,0.0,0.0
2022-06-19 00:00:00+00:00,126.0920639038086,126.09671783447266,115.20552062988281,115.26316833496094,13135,0.0,0.0
2022-06-20 00:00:00+00:00,115.26376342773438,115.40870666503906,105.14894104003906,105.16474914550781,7322,0.0,0.0
2022-06-21 00:00:00+00:00,105.16773223876953,105.2654037475586,100.07527923583984,102.07038116455078,6513,0.0,0.0
2022-06-22 00:00:00+00:00,102.07255554199219,103.36824035644531,102.06138610839844,103.2976303100586,3065,0.0,0.0
2022-06-23 00:00:00+00:00,103.29607391357422,103.36183166503906,97.55498504638672,97.61477661132812,2314,0.0,0.0
2022-06-24 00:00:00+00:00,97.61688232421875,97.61688232421875,93.75520324707031,94.7237319946289,3697,0.0,0.0
2022-06-25 00:00:00+00:00,94.72907257080078,95.99923706054688,93.5224609375,93.53125762939453,2482,0.0,0.0
2022-06-26 00:00:00+00:00,93.52933502197266,94.25520324707031,93.19100189208984,94.15937042236328,1656,0.0,0.0
2022-06-27 00:00:00+00:00,94.17782592773438,94.88013458251953,93.74200439453125,94.7552261352539,1390,0.0,0.0
2022-06-28 00:00:00+00:00,94.75113677978516,95.02547454833984,92.85145568847656,92.86669921875,1555,0.0,0.0
2022-06-29 00:00:00+00:00,92.86491394042969,96.89967346191406,92.84510803222656,96.86894226074219,2308,0.0,0.0
2022-06-30 00:00:00+00:00,96.87162017822266,109.43119049072266,96.80880737304688,101.2041244506836,9908,0.0,0.0
2022-07-01 00:00:00+00:00,101.2219009399414,101.6889877319336,98.04346466064453,99.35370635986328,10439,0.0,0.0
2022-07-02 00:00:00+00:00,99.3575668334961,99.83981323242188,97.1344985961914,97.13578796386719,2982,0.0,0.0
2022-07-03 00:00:00+00:00,97.13475036621094,97.98070526123047,97.11658477783203,97.59526062011719,928,0.0,0.0
2022-07-04 00:00:00+00:00,97.59378814697266,98.54317474365234,92.09008026123047,92.96429443359375,3533,0.0,0.0
2022-07-05 00:00:00+00:00,92.96712493896484,92.97785949707031,88.95875549316406,91.86470031738281,6838,0.0,0.0
2022-07-06 00:00:00+00:00,91.87015533447266,95.01160430908203,85.9990463256836,89.19312286376953,12557,0.0,0.0
2022-07-07 00:00:00+00:00,89.1943588256836,90.10159301757812,86.97002410888672,86.99893188476562,10139,0.0,0.0
2022-07-08 00:00:00+00:00,87.0000991821289,88.98853302001953,84.78555297851562,84.78555297851562,3730,0.0,0.0
2022-07-09 00:00:00+00:00,84.79718780517578,87.38572692871094,80.2243423461914,80.23589324951172,6872,0.0,0.0
2022-07-10 00:00:00+00:00,80.237060546875,82.52233123779297,76.45922088623047,82.50884246826172,9361,0.0,0.0
2022-07-11 00:00:00+00:00,82.51022338867188,83.64714050292969,82.48532104492188,83.6326675415039,5517,0.0,0.0
2022-07-12 00:00:00+00:00,83.63282012939453,91.1032485961914,83.60757446289062,91.1032485961914,4624,0.0,0.0
2022-07-13 00:00:00+00:00,91.10839080810547,91.19401550292969,88.35065460205078,88.36616516113281,5588,0.0,0.0
2022-07-14 00:00:00+00:00,88.37651062011719,88.62517547607422,86.54988098144531,87.7348861694336,2271,0.0,0.0
2022-07-15 00:00:00+00:00,87.73596954345703,87.74539184570312,83.56834411621094,83.59246063232422,2696,0.0,0.0
2022-07-16 00:00:00+00:00,83.59103393554688,86.68330383300781,83.57632446289062,86.68330383300781,3136,0.0,0.0
2022-07-17 00:00:00+00:00,86.68511199951172,89.57992553710938,86.65030670166016,89.56278991699219,2329,0.0,0.0
2022-07-18 00:00:00+00:00,89.56218719482422,93.18017578125,89.24604797363281,91.37805938720703,4912,0.0,0.0
2022-07-19 00:00:00+00:00,91.3592300415039,95.20223999023438,90.70985412597656,93.39448547363281,9991,0.0,0.0
2022-07-20 00:00:00+00:00,93.39264678955078,93.41741180419922,89.72320556640625,93.01258850097656,8023,0.0,0.0
2022-07-21 00:00:00+00:00,93.01009368896484,93.56831359863281,91.8399658203125,92.65907287597656,3895,0.0,0.0
2022-07-22 00:00:00+00:00,92.65878295898438,92.84294891357422,90.3421401977539,92.84203338623047,3683,0.0,0.0
2022-07-23 00:00:00+00:00,92.83592224121094,93.36542510986328,92.83037567138672,93.32862091064453,2190,0.0,0.0
2022-07-24 00:00:00+00:00,93.32795715332031,93.35248565673828,89.38648223876953,91.60635375976562,3407,0.0,0.0
2022-07-25 00:00:00+00:00,91.60450744628906,95.89751434326172,91.60450744628906,91.75322723388672,7044,0.0,0.0
2022-07-26 00:00:00+00:00,91.7563705444336,92.86585998535156,88.74883270263672,91.77003479003906,9498,0.0,0.0
2022-07-27 00:00:00+00:00,91.7718276977539,91.94206237792969,85.93850708007812,85.95389556884766,16007,0.0,0.0
2022-07-28 00:00:00+00:00,85.95612335205078,87.94541931152344,85.90442657470703,87.93595123291016,14241,0.0,0.0
2022-07-29 00:00:00+00:00,87.9361572265625,88.47386169433594,85.9251480102539,87.0546646118164,4178,0.0,0.0
2022-07-30 00:00:00+00:00,87.05834197998047,88.11199951171875,87.03488159179688,88.0870361328125,1877,0.0,0.0
2022-07-31 00:00:00+00:00,88.0766372680664,89.40764617919922,88.06351470947266,89.37753295898438,982,0.0,0.0
2022-08-01 00:00:00+00:00,89.3740463256836,90.21537780761719,89.2293930053711,89.74634552001953,805,0.0,0.0
2022-08-02 00:00:00+00:00,89.74797058105469,90.2127685546875,88.10702514648438,88.13202667236328,1891,0.0,0.0
2022-08-03 00:00:00+00:00,88.13489532470703,88.59416961669922,86.24431610107422,86.26376342773438,2413,0.0,0.0
2022-08-04 00:00:00+00:00,86.26394653320312,86.4832534790039,84.02142333984375,84.98735046386719,2699,0.0,0.0
2022-08-05 00:00:00+00:00,84.98741912841797,85.01595306396484,82.99102783203125,84.49874877929688,3460,0.0,0.0
2022-08-06 00:00:00+00:00,84.50159454345703,85.14989471435547,83.04154968261719,83.76591491699219,4612,0.0,0.0
2022-08-07 00:00:00+00:00,83.77787780761719,85.25692749023438,82.43244171142578,84.40680694580078,6900,0.0,0.0
2022-08-08 00:00:00+00:00,84.40838623046875,86.23250579833984,84.40625,86.19906616210938,4587,0.0,0.0
2022-08-09 00:00:00+00:00,86.20027160644531,87.9815444946289,85.64312744140625,85.64928436279297,2848,0.0,0.0
2022-08-10 00:00:00+00:00,85.64701843261719,86.3265380859375,83.91800689697266,83.93963623046875,1102,0.0,0.0
2022-08-11 00:00:00+00:00,83.93968963623047,84.24732971191406,80.92395782470703,81.9218978881836,2141,0.0,0.0
2022-08-12 00:00:00+00:00,81.91938781738281,82.4433364868164,79.73350524902344,81.96086120605469,3022,0.0,0.0
2022-08-13 00:00:00+00:00,81.95879364013672,82.30758666992188,81.6530532836914,82.00350189208984,1422,0.0,0.0
2022-08-14 00:00:00+00:00,82.00350952148438,83.9313735961914,81.98858642578125,83.31161499023438,983,0.0,0.0
2022-08-15 00:00:00+00:00,83.3144302368164,83.47279357910156,80.41181945800781,81.32240295410156,2025,0.0,0.0
2022-08-16 00:00:00+00:00,81.31963348388672,82.26046752929688,81.31963348388672,82.24639129638672,218,0.0,0.0
2022-08-17 00:00:00+00:00,82.24663543701172,86.4575424194336,0.0,86.20170593261719,4454,0.0,0.0
2022-08-18 00:00:00+00:00,86.20344543457031,87.45447540283203,84.29527282714844,85.20225524902344,2769,0.0,0.0
2022-08-19 00:00:00+00:00,85.20478820800781,91.17418670654297,85.17561340332031,90.04776000976562,4672,0.0,0.0
2022-08-20 00:00:00+00:00,90.0411376953125,91.69902801513672,89.46314239501953,89.50552368164062,1522,0.0,0.0
2022-08-21 00:00:00+00:00,89.50346374511719,89.98662567138672,89.47090911865234,89.63444519042969,310,0.0,0.0
2022-08-22 00:00:00+00:00,89.63206481933594,91.37200164794922,89.605224609375,91.36951446533203,617,0.0,0.0
2022-08-23 00:00:00+00:00,91.36932373046875,91.37905883789062,89.7650146484375,89.77005767822266,874,0.0,0.0
2022-08-24 00:00:00+00:00,89.77154541015625,89.98043823242188,77.17684936523438,86.26283264160156,11327,0.0,0.0
2022-08-25 00:00:00+00:00,86.26798248291016,86.93341064453125,86.26060485839844,86.7725830078125,478,0.0,0.0
2022-08-26 00:00:00+00:00,86.77428436279297,87.17202758789062,84.12257385253906,85.20779418945312,1920,0.0,0.0
2022-08-27 00:00:00+00:00,85.20329284667969,89.06462097167969,80.14783477783203,85.22686004638672,11563,0.0,0.0
2022-08-28 00:00:00+00:00,85.22734069824219,86.7380142211914,83.81183624267578,86.7320556640625,2188,0.0,0.0
2022-08-29 00:00:00+00:00,86.72372436523438,90.30304718017578,79.81658172607422,86.34912872314453,10553,0.0,0.0
2022-08-30 00:00:00+00:00,86.35032653808594,88.35903930664062,76.2009048461914,88.34416198730469,10989,0.0,0.0
2022-08-31 00:00:00+00:00,88.34172821044922,88.45616912841797,86.0733413696289,88.44175720214844,2221,0.0,0.0
2022-09-01 00:00:00+00:00,88.44419860839844,90.76879119873047,88.40921020507812,90.7440414428711,899,0.0,0.0
2022-09-02 00:00:00+00:00,90.74349212646484,90.77831268310547,86.61614990234375,87.5063705444336,2382,0.0,0.0
2022-09-03 00:00:00+00:00,87.5091781616211,88.89319610595703,78.12342071533203,88.8846435546875,10037,0.0,0.0
2022-09-04 00:00:00+00:00,88.88377380371094,89.5168228149414,79.63935852050781,88.7383041381836,9785,0.0,0.0
2022-09-05 00:00:00+00:00,88.73957824707031,88.8101577758789,88.45310974121094,88.54444885253906,309,0.0,0.0
2022-09-06 00:00:00+00:00,88.5460433959961,92.02228546142578,88.50860595703125,91.99712371826172,1805,0.0,0.0
2022-09-07 00:00:00+00:00,91.99037170410156,95.00605010986328,85.61421203613281,89.50881958007812,14212,0.0,0.0
2022-09-08 00:00:00+00:00,89.50651550292969,90.34844207763672,89.48347473144531,90.34064483642578,238,0.0,0.0
2022-09-09 00:00:00+00:00,90.3399887084961,90.7870864868164,87.75017547607422,87.77045440673828,1399,0.0,0.0
2022-09-10 00:00:00+00:00,87.77046966552734,89.6061782836914,87.74022674560547,89.59481048583984,1332,0.0,0.0
2022-09-11 00:00:00+00:00,89.59464263916016,91.31378936767578,89.00231170654297,90.6874771118164,3151,0.0,0.0
2022-09-12 00:00:00+00:00,90.68824768066406,92.03388977050781,83.00345611572266,90.98731994628906,10008,0.0,0.0
2022-09-13 00:00:00+00:00,90.98835754394531,94.41104888916016,0.0,93.17145538330078,1635,0.0,0.0
2022-09-14 00:00:00+00:00,93.15755462646484,96.1502914428711,83.42942810058594,95.65845489501953,13310,0.0,0.0
2022-09-15 00:00:00+00:00,95.65827941894531,95.66716766357422,79.14038848876953,86.0076675415039,16809,0.0,0.0
2022-09-16 00:00:00+00:00,86.00834655761719,86.02264404296875,82.2251205444336,82.30465698242188,2368,0.0,0.0
2022-09-17 00:00:00+00:00,82.30125427246094,82.31767272949219,78.70777130126953,79.19815063476562,1884,0.0,0.0
2022-09-18 00:00:00+00:00,79.20207214355469,82.67802429199219,77.53108978271484,82.67802429199219,3370,0.0,0.0
2022-09-19 00:00:00+00:00,82.67115020751953,83.8781509399414,80.02090454101562,80.0210189819336,4112,0.0,0.0
2022-09-20 00:00:00+00:00,80.02334594726562,81.7076416015625,73.9723892211914,81.7076416015625,10007,0.0,0.0
2022-09-21 00:00:00+00:00,81.7049789428711,84.243896484375,81.69602966308594,83.2596206665039,2358,0.0,0.0
2022-09-22 00:00:00+00:00,83.26142120361328,84.87364196777344,83.2413330078125,84.10368347167969,2574,0.0,0.0
2022-09-23 00:00:00+00:00,84.10587310791016,84.64751434326172,77.02928924560547,84.61428833007812,16901,0.0,0.0
2022-09-24 00:00:00+00:00,84.61569213867188,84.62429809570312,76.66580963134766,80.8926010131836,7411,0.0,0.0
2022-09-25 00:00:00+00:00,80.89212799072266,81.60179901123047,80.18461608886719,81.4373779296875,1426,0.0,0.0
2022-09-26 00:00:00+00:00,81.44397735595703,83.44998931884766,81.42945098876953,83.44609069824219,867,0.0,0.0
2022-09-27 00:00:00+00:00,83.4502182006836,85.54413604736328,80.90364837646484,83.9937744140625,5667,0.0,0.0
2022-09-28 00:00:00+00:00,83.98802947998047,88.78506469726562,83.96392822265625,85.2183609008789,6416,0.0,0.0
2022-09-29 00:00:00+00:00,85.22199249267578,87.79601287841797,85.20536041259766,85.44615173339844,1932,0.0,0.0
2022-09-30 00:00:00+00:00,85.43314361572266,85.59626770019531,79.77567291259766,79.7966537475586,4022,0.0,0.0
2022-10-01 00:00:00+00:00,79.79474639892578,80.01609802246094,77.66490173339844,78.5895004272461,4805,0.0,0.0
2022-10-02 00:00:00+00:00,78.59181213378906,81.55319213867188,78.58396911621094,81.54668426513672,1026,0.0,0.0
2022-10-03 00:00:00+00:00,81.55004119873047,82.49634552001953,77.70709991455078,77.71505737304688,3005,0.0,0.0
2022-10-04 00:00:00+00:00,77.71416473388672,78.06578826904297,77.70697784423828,78.04505920410156,1,0.0,0.0
2022-10-05 00:00:00+00:00,78.04592895507812,78.06168365478516,78.02771759033203,78.04883575439453,0,0.0,0.0
2022-10-06 00:00:00+00:00,78.04883575439453,78.60868835449219,75.78064727783203,75.79277801513672,1672,0.0,0.0
2022-10-07 00:00:00+00:00,75.79423522949219,75.82771301269531,73.14250946044922,73.14888000488281,2548,0.0,0.0
2022-10-08 00:00:00+00:00,73.14679718017578,73.67091369628906,69.93195343017578,70.30485534667969,2257,0.0,0.0
2022-10-09 00:00:00+00:00,70.30509185791016,72.64837646484375,69.39680480957031,72.638427734375,2127,0.0,0.0
2022-10-10 00:00:00+00:00,72.6375503540039,75.7311782836914,72.61993408203125,75.7176742553711,888,0.0,0.0
2022-10-11 00:00:00+00:00,75.71710968017578,76.49492645263672,75.70020294189453,76.00814819335938,20,0.0,0.0
2022-10-12 00:00:00+00:00,76.0080795288086,77.29341888427734,75.99862670898438,77.27557373046875,120,0.0,0.0
2022-10-13 00:00:00+00:00,77.2762451171875,79.11591339111328,74.24346923828125,74.25519561767578,2756,0.0,0.0
2022-10-14 00:00:00+00:00,74.25473022460938,74.394287109375,67.2059097290039,68.03547668457031,3750,0.0,0.0
2022-10-15 00:00:00+00:00,68.03556823730469,72.04122924804688,67.66353607177734,67.66702270507812,4388,0.0,0.0
2022-10-16 00:00:00+00:00,67.66544342041016,68.81416320800781,67.39685821533203,67.39924621582031,772,0.0,0.0
2022-10-17 00:00:00+00:00,67.39974212646484,69.19371795654297,64.30211639404297,64.30603790283203,3976,0.0,0.0
2022-10-18 00:00:00+00:00,64.30643463134766,66.63379669189453,64.30641174316406,65.51533508300781,1842,0.0,0.0
2022-10-19 00:00:00+00:00,65.51432800292969,66.731201171875,65.3458480834961,65.36306762695312,904,0.0,0.0
2022-10-20 00:00:00+00:00,65.36202239990234,66.37506103515625,65.27776336669922,65.44285583496094,969,0.0,0.0
2022-10-21 00:00:00+00:00,65.44108581542969,67.42506408691406,65.00277709960938,66.00208282470703,2847,0.0,0.0
2022-10-22 00:00:00+00:00,66.00244140625,67.89234924316406,65.66121673583984,65.67263793945312,1123,0.0,0.0
2022-10-23 00:00:00+00:00,65.6722640991211,77.6117172241211,65.66606140136719,67.13151550292969,11055,0.0,0.0
2022-10-24 00:00:00+00:00,67.1349105834961,81.56076049804688,66.25685119628906,68.16129302978516,26132,0.0,0.0
2022-10-25 00:00:00+00:00,68.16129302978516,71.45419311523438,68.10606384277344,71.44073486328125,3931,0.0,0.0
2022-10-26 00:00:00+00:00,71.41316223144531,75.0320053100586,71.38587188720703,73.5899429321289,3368,0.0,0.0
2022-10-27 00:00:00+00:00,73.5899429321289,74.48693084716797,69.8930892944336,69.94876098632812,2127,0.0,0.0
2022-10-28 00:00:00+00:00,69.94876098632812,70.7208023071289,63.029788970947266,64.5661392211914,15362,0.0,0.0
2022-10-29 00:00:00+00:00,64.5661392211914,69.45526123046875,63.619529724121094,66.92056274414062,9958,0.0,0.0
2022-10-30 00:00:00+00:00,66.92056274414062,69.44066619873047,66.91966247558594,69.39534759521484,1588,0.0,0.0
2022-10-31 00:00:00+00:00,69.39534759521484,72.19313049316406,69.36652374267578,69.74740600585938,2185,0.0,0.0
2022-11-01 00:00:00+00:00,69.74740600585938,71.02597045898438,69.71422576904297,70.35095977783203,3120,0.0,0.0
2022-11-02 00:00:00+00:00,70.35095977783203,71.25189208984375,64.65776824951172,65.37010955810547,4594,0.0,0.0
2022-11-03 00:00:00+00:00,65.37010955810547,66.16401672363281,60.285926818847656,61.004695892333984,4659,0.0,0.0
2022-11-04 00:00:00+00:00,61.00363540649414,64.05270385742188,60.99443817138672,64.03239440917969,1508,0.0,0.0
2022-11-05 00:00:00+00:00,64.0308837890625,65.989990234375,61.661285400390625,64.50997161865234,6133,0.0,0.0
2022-11-06 00:00:00+00:00,64.523681640625,66.26821899414062,61.05072021484375,62.00494384765625,8498,0.0,0.0
2022-11-07 00:00:00+00:00,62.00297164916992,67.5837631225586,61.98861312866211,67.45132446289062,2460,0.0,0.0
2022-11-08 00:00:00+00:00,67.45132446289062,99.99026489257812,67.4372329711914,92.44551849365234,28933,0.0,0.0
2022-11-09 00:00:00+00:00,92.45035552978516,127.01163482666016,89.08612823486328,126.99713897705078,46991,0.0,0.0
2022-11-10 00:00:00+00:00,126.99992370605469,127.66356658935547,103.77605438232422,103.88077545166016,5718,0.0,0.0
2022-11-11 00:00:00+00:00,103.88150787353516,111.10447692871094,99.41790771484375,111.08865356445312,5572,0.0,0.0
2022-11-12 00:00:00+00:00,111.09114837646484,114.15853118896484,109.51296997070312,109.59308624267578,1556,0.0,0.0
2022-11-13 00:00:00+00:00,109.6040267944336,117.86383056640625,107.7583236694336,117.66551971435547,3896,0.0,0.0
2022-11-14 00:00:00+00:00,117.6339340209961,119.36003875732422,102.51103973388672,108.19379425048828,9813,0.0,0.0
2022-11-15 00:00:00+00:00,108.21279907226562,108.22486114501953,94.49830627441406,96.56568908691406,7164,0.0,0.0
2022-11-16 00:00:00+00:00,96.57154083251953,106.93053436279297,95.86779022216797,106.89350891113281,3420,0.0,0.0
2022-11-17 00:00:00+00:00,106.89772033691406,106.93181610107422,92.0741195678711,92.4616470336914,4311,0.0,0.0
2022-11-18 00:00:00+00:00,92.43359375,92.52891540527344,89.09503936767578,89.19950866699219,1039,0.0,0.0
2022-11-19 00:00:00+00:00,89.21855163574219,89.271240234375,87.60235595703125,87.60235595703125,430,0.0,0.0
2022-11-20 00:00:00+00:00,87.60235595703125,98.08660888671875,87.59031677246094,98.06267547607422,2752,0.0,0.0
2022-11-21 00:00:00+00:00,98.07340240478516,100.48123168945312,95.23883056640625,98.46800231933594,2755,0.0,0.0
2022-11-22 00:00:00+00:00,98.46075439453125,98.51483154296875,95.06329345703125,95.11199188232422,1180,0.0,0.0
2022-11-23 00:00:00+00:00,95.10771179199219,95.14682006835938,87.85267639160156,89.8126220703125,1882,0.0,0.0
2022-11-24 00:00:00+00:00,89.81269073486328,90.28685760498047,84.20406341552734,87.51789093017578,2426,0.0,0.0
2022-11-25 00:00:00+00:00,87.51789093017578,87.5600814819336,0.0,81.28743743896484,4796,0.0,0.0
2022-11-26 00:00:00+00:00,81.30144500732422,81.43611907958984,76.52912139892578,78.66238403320312,4888,0.0,0.0
2022-11-27 00:00:00+00:00,78.65994262695312,79.43115997314453,76.40398406982422,77.73368072509766,1806,0.0,0.0
2022-11-28 00:00:00+00:00,77.73368072509766,83.48397827148438,77.70484161376953,82.95963287353516,2629,0.0,0.0
2022-11-29 00:00:00+00:00,82.97895812988281,83.00548553466797,80.38106536865234,81.15595245361328,2276,0.0,0.0
2022-11-30 00:00:00+00:00,81.15595245361328,81.6624755859375,78.42813873291016,80.09574127197266,1390,0.0,0.0
2022-12-01 00:00:00+00:00,80.09574127197266,80.1336669921875,80.04531860351562,80.06587219238281,0,0.0,0.0
2023-01-03 00:00:00+00:00,80.06587219238281,80.06587219238281,53.867916107177734,53.867916107177734,14161,0.0,0.0
2023-01-04 00:00:00+00:00,53.867916107177734,56.66807174682617,48.34262466430664,48.777652740478516,36186,0.0,0.0
2023-01-05 00:00:00+00:00,48.75890350341797,51.51581573486328,0.0,48.433570861816406,34043,0.0,0.0
2023-01-06 00:00:00+00:00,48.43368148803711,52.35122299194336,47.56146240234375,47.96149826049805,22702,0.0,0.0
2023-01-07 00:00:00+00:00,47.967445373535156,52.91366195678711,45.63956832885742,46.914127349853516,64519,0.0,0.0
2023-01-08 00:00:00+00:00,46.91920852661133,51.49974060058594,46.86189651489258,47.25615692138672,21195,0.0,0.0
2023-01-09 00:00:00+00:00,47.25434494018555,52.533172607421875,47.24790954589844,49.699127197265625,53389,0.0,0.0
2023-01-10 00:00:00+00:00,49.697303771972656,54.2115364074707,49.697303771972656,50.419803619384766,36976,0.0,0.0
2023-01-11 00:00:00+00:00,50.419803619384766,54.83592224121094,50.419803619384766,52.407188415527344,27445,0.0,0.0
2023-01-12 00:00:00+00:00,54.43452453613281,58.29176330566406,52.35660934448242,55.64125061035156,48511,0.0,0.0
2023-01-13 00:00:00+00:00,55.64945602416992,62.04671096801758,55.24587631225586,62.00617980957031,43866,0.0,0.0
2023-01-14 00:00:00+00:00,61.986244201660156,74.1797103881836,61.986244201660156,74.1797103881836,78746,0.0,0.0
2023-01-15 00:00:00+00:00,74.15937805175781,78.08488464355469,73.08660125732422,75.0292739868164,17459,0.0,0.0
2023-01-16 00:00:00+00:00,75.03579711914062,77.269287109375,71.76134490966797,72.55672454833984,14988,0.0,0.0
2023-01-17 00:00:00+00:00,72.55672454833984,73.88276672363281,70.12629699707031,70.27059936523438,11897,0.0,0.0
2023-01-18 00:00:00+00:00,70.30445098876953,71.32937622070312,67.533935546875,69.33384704589844,22774,0.0,0.0
2023-01-19 00:00:00+00:00,69.29759216308594,69.95054626464844,63.5941276550293,63.59841537475586,10559,0.0,0.0
2023-01-20 00:00:00+00:00,63.59785461425781,64.47216033935547,60.45649719238281,62.06551742553711,13161,0.0,0.0
2023-01-21 00:00:00+00:00,62.07736587524414,69.75257110595703,62.07736587524414,69.58118438720703,18801,0.0,0.0
2023-01-22 00:00:00+00:00,69.58100128173828,70.70869445800781,65.9735107421875,66.71397399902344,12577,0.0,0.0
2023-01-23 00:00:00+00:00,66.72168731689453,69.23800659179688,66.2278823852539,69.23800659179688,10875,0.0,0.0
2023-01-24 00:00:00+00:00,69.2105484008789,70.52500915527344,67.55831909179688,67.58696746826172,13924,0.0,0.0
2023-01-25 00:00:00+00:00,67.58931732177734,67.99163818359375,63.495548248291016,64.22271728515625,19233,0.0,0.0
2023-01-26 00:00:00+00:00,64.23677062988281,66.05535125732422,61.63099670410156,61.658607482910156,14082,0.0,0.0
2023-01-27 00:00:00+00:00,61.65324401855469,62.720088958740234,59.745445251464844,60.07957077026367,11261,0.0,0.0
2023-01-28 00:00:00+00:00,60.03847122192383,60.53724670410156,57.660438537597656,57.96859359741211,8964,0.0,0.0
2023-01-29 00:00:00+00:00,57.96859359741211,62.94820785522461,57.79190444946289,62.888885498046875,20540,0.0,0.0
2023-01-30 00:00:00+00:00,62.946041107177734,64.01533508300781,60.05187225341797,60.46364974975586,13805,0.0,0.0
2023-01-31 00:00:00+00:00,60.46364974975586,61.597679138183594,60.007015228271484,61.52109909057617,7429,0.0,0.0
2023-02-01 00:00:00+00:00,61.52663040161133,67.44258880615234,61.52663040161133,63.013851165771484,64922,0.0,0.0
2023-02-02 00:00:00+00:00,63.0137939453125,63.55279541015625,60.31917190551758,61.35310745239258,11752,0.0,0.0
2023-02-03 00:00:00+00:00,61.35818099975586,64.00431823730469,59.590267181396484,59.59232711791992,19916,0.0,0.0
2023-02-04 00:00:00+00:00,59.591548919677734,60.83603286743164,59.591548919677734,59.765193939208984,2962,0.0,0.0
2023-02-05 00:00:00+00:00,59.761802673339844,62.13206481933594,59.761802673339844,61.64561080932617,7622,0.0,0.0
2023-02-06 00:00:00+00:00,61.63407897949219,62.72061538696289,60.67244338989258,61.17915344238281,5760,0.0,0.0
2023-02-07 00:00:00+00:00,61.1618766784668,62.47627258300781,59.61534118652344,59.69480514526367,9333,0.0,0.0
2023-02-08 00:00:00+00:00,59.704872131347656,60.45529556274414,58.96485137939453,59.17267608642578,7627,0.0,0.0
2023-02-09 00:00:00+00:00,59.14678192138672,60.60333251953125,56.19116973876953,56.83339309692383,12662,0.0,0.0
2023-02-10 00:00:00+00:00,56.8126220703125,58.19173812866211,55.4653434753418,55.49591064453125,12804,0.0,0.0
2023-02-11 00:00:00+00:00,55.48956298828125,57.137550354003906,53.354915618896484,53.37942886352539,11987,0.0,0.0
2023-02-12 00:00:00+00:00,53.38132858276367,55.54152297973633,52.97127914428711,53.22623825073242,9758,0.0,0.0
2023-02-13 00:00:00+00:00,53.26485824584961,56.642234802246094,53.18387222290039,56.5942268371582,8226,0.0,0.0
2023-02-14 00:00:00+00:00,56.57925796508789,58.410701751708984,53.67181396484375,53.67181396484375,16330,0.0,0.0
2023-02-15 00:00:00+00:00,53.66535568237305,55.29148483276367,53.28621292114258,54.6502571105957,8342,0.0,0.0
2023-02-16 00:00:00+00:00,54.66765594482422,61.97017288208008,54.648284912109375,61.93824005126953,14560,0.0,0.0
2023-02-17 00:00:00+00:00,61.946319580078125,64.89132690429688,59.84470748901367,64.8314208984375,19731,0.0,0.0
2023-02-18 00:00:00+00:00,64.8314208984375,65.62641143798828,63.68978500366211,63.71643829345703,5050,0.0,0.0
2023-02-19 00:00:00+00:00,63.7388916015625,64.58612060546875,63.232666015625,64.04753875732422,3884,0.0,0.0
2023-02-20 00:00:00+00:00,64.04753875732422,65.32784271240234,63.881927490234375,64.94155883789062,2359,0.0,0.0
2023-02-21 00:00:00+00:00,64.92411804199219,66.6201171875,64.462890625,65.24476623535156,8606,0.0,0.0
2023-02-22 00:00:00+00:00,65.25621032714844,65.90033721923828,61.801666259765625,61.803314208984375,6729,0.0,0.0
2023-02-23 00:00:00+00:00,61.868526458740234,62.559627532958984,58.5812873840332,58.598289489746094,6769,0.0,0.0
2023-02-24 00:00:00+00:00,58.598289489746094,59.786468505859375,53.92104721069336,53.92104721069336,10346,0.0,0.0
2023-02-25 00:00:00+00:00,53.92104721069336,55.45793533325195,50.583526611328125,50.761043548583984,9658,0.0,0.0
2023-02-26 00:00:00+00:00,50.734317779541016,53.91120147705078,50.73208999633789,53.167510986328125,1978,0.0,0.0
2023-02-27 00:00:00+00:00,53.16463088989258,55.67674255371094,52.09990310668945,52.12154769897461,5850,0.0,0.0
2023-02-28 00:00:00+00:00,52.13324737548828,54.38178634643555,51.166866302490234,51.235713958740234,8831,0.0,0.0
2023-03-01 00:00:00+00:00,51.21907043457031,56.91976547241211,51.21907043457031,55.49146270751953,12168,0.0,0.0
2023-03-02 00:00:00+00:00,55.49146270751953,57.78526306152344,55.4575309753418,56.01107406616211,4281,0.0,0.0
2023-03-03 00:00:00+00:00,56.009727478027344,57.755577087402344,53.60788345336914,53.6414794921875,6060,0.0,0.0
2023-03-04 00:00:00+00:00,53.639564514160156,55.56901168823242,52.65836715698242,52.69391632080078,4749,0.0,0.0
2023-03-05 00:00:00+00:00,52.69835662841797,55.184059143066406,52.66627883911133,52.93526077270508,3440,0.0,0.0
2023-03-06 00:00:00+00:00,52.92604064941406,55.28080749511719,52.92604064941406,53.554500579833984,2281,0.0,0.0
2023-03-07 00:00:00+00:00,53.5521240234375,55.96709060668945,53.511024475097656,53.52945327758789,3453,0.0,0.0
2023-03-08 00:00:00+00:00,53.52988052368164,55.76514434814453,52.00205612182617,52.01383590698242,6173,0.0,0.0
2023-03-09 00:00:00+00:00,52.0146484375,55.23744201660156,51.70109176635742,55.21799087524414,8905,0.0,0.0
2023-03-10 00:00:00+00:00,55.221961975097656,62.59680938720703,55.16508865356445,60.40239715576172,9271,0.0,0.0
2023-03-11 00:00:00+00:00,60.4052734375,67.80458068847656,52.15922164916992,66.35704803466797,16562,0.0,0.0
2023-03-12 00:00:00+00:00,66.26920318603516,66.9580307006836,62.138797760009766,66.31397247314453,7536,0.0,0.0
2023-03-13 00:00:00+00:00,66.28125762939453,69.7815170288086,62.27611541748047,69.74530029296875,12168,0.0,0.0
2023-03-14 00:00:00+00:00,69.72985076904297,70.298095703125,66.04296112060547,66.83338165283203,8588,0.0,0.0
2023-03-15 00:00:00+00:00,66.78028106689453,69.45062255859375,66.71219635009766,68.57301330566406,3899,0.0,0.0
2023-03-16 00:00:00+00:00,68.58949279785156,68.77312469482422,62.73591995239258,64.524658203125,8660,0.0,0.0
2023-03-17 00:00:00+00:00,64.54234313964844,69.5811996459961,64.42717742919922,68.9364242553711,4413,0.0,0.0
2023-03-18 00:00:00+00:00,68.96436309814453,70.95563507080078,68.79522705078125,70.83039093017578,3563,0.0,0.0
2023-03-19 00:00:00+00:00,70.80266571044922,76.47050476074219,70.75050354003906,76.33768463134766,6316,0.0,0.0
2023-03-20 00:00:00+00:00,76.35720825195312,76.45449829101562,72.9750747680664,72.9750747680664,9076,0.0,0.0
2023-03-21 00:00:00+00:00,73.01150512695312,75.47257232666016,67.85671997070312,73.71694946289062,30440,0.0,0.0
2023-03-22 00:00:00+00:00,73.71366882324219,74.62338256835938,69.24547576904297,69.30248260498047,7930,0.0,0.0
2023-03-23 00:00:00+00:00,69.2673110961914,70.005859375,66.55290985107422,69.73885345458984,7909,0.0,0.0
2023-03-24 00:00:00+00:00,69.66757202148438,70.89157104492188,69.22781372070312,70.0599594116211,785,0.0,0.0
2023-03-25 00:00:00+00:00,70.05844116210938,70.54584503173828,66.539794921875,66.7465591430664,5608,0.0,0.0
2023-03-26 00:00:00+00:00,66.7480239868164,67.11061096191406,66.12670135498047,66.286376953125,1486,0.0,0.0
2023-03-27 00:00:00+00:00,66.24811553955078,68.21685791015625,66.24810028076172,67.17567443847656,1148,0.0,0.0
2023-03-28 00:00:00+00:00,67.17562103271484,67.54972076416016,65.38231658935547,65.44346618652344,5793,0.0,0.0
2023-03-29 00:00:00+00:00,65.45917510986328,68.56166076660156,65.37142944335938,68.32730102539062,8321,0.0,0.0
2023-03-30 00:00:00+00:00,68.33912658691406,68.91799926757812,67.08589172363281,67.16297912597656,3203,0.0,0.0
2023-03-31 00:00:00+00:00,67.18608856201172,67.518310546875,63.11403274536133,63.220054626464844,6566,0.0,0.0
2023-04-01 00:00:00+00:00,63.17641830444336,63.733726501464844,61.87562561035156,63.15090560913086,2647,0.0,0.0
2023-04-02 00:00:00+00:00,61.946876525878906,63.22659683227539,61.87562561035156,63.12471008300781,143,0.0,0.0
2023-04-03 00:00:00+00:00,63.13158416748047,66.01740264892578,63.13158416748047,64.2446517944336,2097,0.0,0.0
2023-04-04 00:00:00+00:00,64.2450942993164,64.66888427734375,64.06494903564453,64.20140838623047,1057,0.0,0.0
2023-04-05 00:00:00+00:00,64.19776916503906,64.7550277709961,62.745765686035156,62.81513595581055,2974,0.0,0.0
2023-04-06 00:00:00+00:00,62.8148193359375,63.405662536621094,62.06257629394531,62.15385437011719,2148,0.0,0.0
2023-04-07 00:00:00+00:00,62.15384292602539,62.836997985839844,58.3507080078125,58.35984802246094,7057,0.0,0.0
2023-04-08 00:00:00+00:00,58.35874938964844,59.20228958129883,58.13356399536133,58.16193771362305,1940,0.0,0.0
2023-04-09 00:00:00+00:00,58.16115188598633,59.97477340698242,57.98352813720703,59.9404296875,2412,0.0,0.0
2023-04-10 00:00:00+00:00,59.934837341308594,63.6666374206543,59.90177917480469,63.64455032348633,3876,0.0,0.0
2023-04-11 00:00:00+00:00,63.64371871948242,65.08972930908203,63.52338790893555,63.532588958740234,1989,0.0,0.0
2023-04-12 00:00:00+00:00,63.54916000366211,64.0295639038086,59.406131744384766,59.973506927490234,5496,0.0,0.0
2023-04-13 00:00:00+00:00,59.43667984008789,60.246604919433594,59.19034957885742,59.20115661621094,1676,0.0,0.0
2023-04-14 00:00:00+00:00,59.203678131103516,60.219669342041016,57.38506317138672,57.39707946777344,3868,0.0,0.0
2023-04-15 00:00:00+00:00,57.396629333496094,58.39948654174805,57.16670227050781,57.182613372802734,2002,0.0,0.0
2023-04-16 00:00:00+00:00,57.18538284301758,59.22269058227539,57.1580696105957,59.03049850463867,1874,0.0,0.0
2023-04-17 00:00:00+00:00,59.03035354614258,60.18069839477539,59.015174865722656,59.51291275024414,1294,0.0,0.0
2023-04-18 00:00:00+00:00,59.5152473449707,60.513057708740234,59.443267822265625,59.46635055541992,1718,0.0,0.0
2023-04-19 00:00:00+00:00,59.47467041015625,60.44563293457031,58.39669418334961,58.442230224609375,2882,0.0,0.0
2023-04-20 00:00:00+00:00,58.43169403076172,59.5179557800293,57.26078414916992,57.28739929199219,3123,0.0,0.0
2023-04-21 00:00:00+00:00,57.293548583984375,58.41328430175781,57.24917984008789,57.48862075805664,1965,0.0,0.0
2023-04-22 00:00:00+00:00,57.48862075805664,58.27859115600586,57.454627990722656,57.67134475708008,1026,0.0,0.0
2023-04-23 00:00:00+00:00,57.68696212768555,61.895790100097656,57.64085006713867,58.31084442138672,857,0.0,0.0
2023-04-24 00:00:00+00:00,58.310359954833984,59.25099563598633,57.26842498779297,57.31379318237305,2884,0.0,0.0
2023-04-25 00:00:00+00:00,57.304443359375,58.419227600097656,56.637027740478516,56.64077377319336,2700,0.0,0.0
2023-04-26 00:00:00+00:00,56.650123596191406,59.231990814208984,56.38033676147461,58.50352478027344,11466,0.0,0.0
2023-04-27 00:00:00+00:00,58.500213623046875,59.55784225463867,57.566951751708984,57.58290481567383,2882,0.0,0.0
2023-04-28 00:00:00+00:00,57.578861236572266,58.574493408203125,54.07851791381836,54.08028030395508,5988,0.0,0.0
2023-04-29 00:00:00+00:00,54.08483123779297,55.318031311035156,53.19169998168945,53.22099685668945,3079,0.0,0.0
2023-04-30 00:00:00+00:00,53.2479248046875,54.79523849487305,53.2055778503418,53.959102630615234,2502,0.0,0.0
2023-05-01 00:00:00+00:00,53.96750259399414,56.251502990722656,53.8788948059082,55.901023864746094,898,0.0,0.0
2023-05-02 00:00:00+00:00,55.737606048583984,57.178009033203125,55.200294494628906,55.24605178833008,2937,0.0,0.0
2023-05-03 00:00:00+00:00,55.22399139404297,60.79785919189453,55.17140579223633,55.86388397216797,1028,0.0,0.0
2023-05-04 00:00:00+00:00,55.72719955444336,56.78793716430664,55.11871337890625,55.137672424316406,3525,0.0,0.0
2023-05-05 00:00:00+00:00,55.130775451660156,56.03851318359375,54.01835632324219,54.05150604248047,3019,0.0,0.0
2023-05-06 00:00:00+00:00,54.0611686706543,55.0067024230957,53.20631790161133,53.22578430175781,2860,0.0,0.0
2023-05-07 00:00:00+00:00,53.22111511230469,54.11121368408203,53.19794845581055,53.57147216796875,1211,0.0,0.0
2023-05-08 00:00:00+00:00,53.59055709838867,54.28815460205078,53.06755065917969,53.87720489501953,856,0.0,0.0
2023-05-09 00:00:00+00:00,53.87868118286133,55.22399139404297,53.87868118286133,53.9498176574707,1450,0.0,0.0
2023-05-10 00:00:00+00:00,53.92515563964844,55.0417366027832,53.8057861328125,53.82931900024414,2039,0.0,0.0
2023-05-11 00:00:00+00:00,53.82155227661133,54.3962516784668,52.25550842285156,53.26435470581055,4941,0.0,0.0
2023-05-12 00:00:00+00:00,53.2716064453125,54.8857536315918,53.21416091918945,53.73305130004883,2925,0.0,0.0
2023-05-13 00:00:00+00:00,53.72346878051758,54.37801742553711,51.164459228515625,51.219146728515625,4995,0.0,0.0
2023-05-14 00:00:00+00:00,51.21806716918945,52.06570053100586,50.52540969848633,50.54487228393555,2615,0.0,0.0
2023-05-15 00:00:00+00:00,50.54487228393555,53.51267623901367,50.5239143371582,53.492835998535156,3215,0.0,0.0
2023-05-16 00:00:00+00:00,53.499874114990234,54.31989669799805,52.72502136230469,52.74678421020508,2707,0.0,0.0
2023-05-17 00:00:00+00:00,52.75191879272461,53.47004318237305,51.65436935424805,51.6744384765625,3083,0.0,0.0
2023-05-18 00:00:00+00:00,51.669193267822266,52.47014617919922,48.33188247680664,48.33778762817383,6132,0.0,0.0
2023-05-19 00:00:00+00:00,48.34205627441406,49.35740280151367,47.46192932128906,47.48633575439453,2851,0.0,0.0
2023-05-20 00:00:00+00:00,47.487693786621094,49.094112396240234,47.48393630981445,47.81592559814453,1842,0.0,0.0
2023-05-21 00:00:00+00:00,47.8261833190918,48.94734191894531,47.80868148803711,48.91656494140625,362,0.0,0.0
2023-05-22 00:00:00+00:00,48.912105560302734,50.12075424194336,48.54235076904297,48.828697204589844,3459,0.0,0.0
2023-05-23 00:00:00+00:00,48.824920654296875,50.96483612060547,48.800533294677734,50.92833709716797,3140,0.0,0.0
2023-05-24 00:00:00+00:00,50.930091857910156,52.5908317565918,50.930091857910156,52.56835174560547,1133,0.0,0.0
2023-05-25 00:00:00+00:00,52.57093811035156,53.5044059753418,50.10911178588867,50.131996154785156,4926,0.0,0.0
2023-05-26 00:00:00+00:00,50.1319694519043,51.286041259765625,46.16108322143555,46.187469482421875,7777,0.0,0.0
2023-05-27 00:00:00+00:00,46.18649673461914,47.71051788330078,45.76751708984375,45.77549362182617,2466,0.0,0.0
2023-05-28 00:00:00+00:00,45.77653503417969,48.771522521972656,45.776180267333984,48.771522521972656,3965,0.0,0.0
2023-05-29 00:00:00+00:00,48.76850509643555,51.5691032409668,48.75419616699219,48.80559158325195,4962,0.0,0.0
2023-05-30 00:00:00+00:00,48.8004150390625,50.04252243041992,46.45463943481445,46.45463943481445,4664,0.0,0.0
2023-05-31 00:00:00+00:00,46.45278549194336,47.75864028930664,45.94766616821289,45.95027542114258,3210,0.0,0.0
2023-06-01 00:00:00+00:00,45.96173858642578,47.514739990234375,44.3571662902832,44.37311935424805,4341,0.0,0.0
2023-06-02 00:00:00+00:00,44.370548248291016,45.840335845947266,43.36125183105469,43.55674743652344,4773,0.0,0.0
2023-06-03 00:00:00+00:00,43.55304718017578,45.72373962402344,41.63643264770508,41.63823318481445,6041,0.0,0.0
2023-06-04 00:00:00+00:00,41.6379508972168,44.01126480102539,41.634334564208984,42.01169967651367,2834,0.0,0.0
2023-06-05 00:00:00+00:00,42.00812911987305,44.71159362792969,41.01530838012695,41.04003143310547,5383,0.0,0.0
2023-06-06 00:00:00+00:00,41.035316467285156,43.57976150512695,41.030338287353516,41.998104095458984,3630,0.0,0.0
2023-06-07 00:00:00+00:00,41.992027282714844,45.29694747924805,41.98649597167969,42.94041442871094,6893,0.0,0.0
2023-06-08 00:00:00+00:00,42.94041442871094,45.87678527832031,42.500606536865234,42.502437591552734,6988,0.0,0.0
2023-06-09 00:00:00+00:00,42.5035285949707,44.500511169433594,41.06236267089844,41.068092346191406,6620,0.0,0.0
2023-06-10 00:00:00+00:00,41.0689811706543,44.27163314819336,41.06372833251953,43.962623596191406,4750,0.0,0.0
2023-06-11 00:00:00+00:00,43.96699142456055,46.25157165527344,43.95323181152344,44.36571502685547,4022,0.0,0.0
2023-06-12 00:00:00+00:00,44.35327911376953,46.95090103149414,44.35198974609375,46.92350387573242,4232,0.0,0.0
2023-06-13 00:00:00+00:00,46.927330017089844,49.12959289550781,46.905006408691406,47.803611755371094,2937,0.0,0.0
2023-06-14 00:00:00+00:00,47.803611755371094,49.150001525878906,45.9830207824707,46.40556716918945,7168,0.0,0.0
2023-06-15 00:00:00+00:00,46.41029357910156,50.08260726928711,46.37236022949219,49.6247673034668,4261,0.0,0.0
2023-06-16 00:00:00+00:00,49.62615966796875,51.15037536621094,46.582279205322266,46.777591705322266,9469,0.0,0.0
2023-06-17 00:00:00+00:00,46.77726745605469,48.228118896484375,44.52588653564453,44.5308952331543,7419,0.0,0.0
2023-06-18 00:00:00+00:00,44.52464294433594,46.229366302490234,44.5083122253418,45.638160705566406,4185,0.0,0.0
2023-06-19 00:00:00+00:00,45.635955810546875,47.685394287109375,45.613407135009766,46.004844665527344,3417,0.0,0.0
2023-06-20 00:00:00+00:00,46.00468826293945,52.40200424194336,45.97593688964844,52.37763977050781,9020,0.0,0.0
2023-06-21 00:00:00+00:00,52.379791259765625,57.325199127197266,52.362640380859375,57.31220245361328,6556,0.0,0.0
2023-06-22 00:00:00+00:00,57.2996711730957,57.74345016479492,53.91799545288086,53.92848205566406,7144,0.0,0.0
2023-06-23 00:00:00+00:00,53.92807388305664,54.17371368408203,52.2066764831543,53.5172233581543,6298,0.0,0.0
2023-06-24 00:00:00+00:00,53.51628494262695,54.343387603759766,52.53622817993164,52.55255126953125,3047,0.0,0.0
2023-06-25 00:00:00+00:00,52.5590934753418,53.14248275756836,51.61588668823242,51.65570831298828,2988,0.0,0.0
2023-06-26 00:00:00+00:00,51.66014099121094,52.51953125,50.98796463012695,50.98796463012695,2627,0.0,0.0
2023-06-27 00:00:00+00:00,51.011573791503906,51.70451736450195,50.86409378051758,50.871543884277344,1766,0.0,0.0
2023-06-28 00:00:00+00:00,50.8818244934082,51.6051025390625,48.57757568359375,49.26654052734375,4474,0.0,0.0
2023-06-29 00:00:00+00:00,49.266841888427734,50.10562515258789,46.3556022644043,46.38946533203125,11822,0.0,0.0
2023-06-30 00:00:00+00:00,46.38970184326172,47.274871826171875,45.45846939086914,46.2452392578125,60998,0.0,0.0
2023-07-01 00:00:00+00:00,46.25313186645508,47.565860748291016,45.63362121582031,45.663475036621094,3554,0.0,0.0
2023-07-02 00:00:00+00:00,45.65355682373047,47.43437957763672,45.63996505737305,47.35291290283203,415,0.0,0.0
2023-07-03 00:00:00+00:00,47.354068756103516,48.87823486328125,47.354068756103516,48.84170150756836,2465,0.0,0.0
2023-07-04 00:00:00+00:00,48.8352165222168,50.08536148071289,48.25004196166992,48.274993896484375,2953,0.0,0.0
2023-07-05 00:00:00+00:00,48.2855339050293,49.00544738769531,46.335304260253906,46.37089157104492,5379,0.0,0.0
2023-07-06 00:00:00+00:00,46.37089157104492,48.75466537475586,46.33307647705078,48.73177719116211,3391,0.0,0.0
2023-07-07 00:00:00+00:00,48.73177719116211,49.87104034423828,47.11078643798828,47.12105941772461,4851,0.0,0.0
2023-07-08 00:00:00+00:00,47.121826171875,47.976314544677734,45.513145446777344,45.52296447753906,4307,0.0,0.0
2023-07-09 00:00:00+00:00,45.52296447753906,46.7863655090332,44.62615203857422,44.647518157958984,3839,0.0,0.0
2023-07-10 00:00:00+00:00,44.647945404052734,46.29806900024414,44.627105712890625,45.310791015625,1512,0.0,0.0
2023-07-11 00:00:00+00:00,45.310791015625,46.73767852783203,44.73399353027344,44.7504997253418,3393,0.0,0.0
2023-07-12 00:00:00+00:00,44.74835205078125,46.23673629760742,43.5824089050293,43.59598922729492,4995,0.0,0.0
2023-07-13 00:00:00+00:00,43.590572357177734,44.98258590698242,42.94082260131836,44.978004455566406,6423,0.0,0.0
2023-07-14 00:00:00+00:00,44.9770393371582,47.268436431884766,44.948551177978516,46.17041015625,1987,0.0,0.0
2023-07-15 00:00:00+00:00,46.170372009277344,47.312068939208984,44.93483352661133,44.971221923828125,3972,0.0,0.0
2023-07-16 00:00:00+00:00,44.966983795166016,46.46188735961914,43.94622802734375,43.98052215576172,4186,0.0,0.0
2023-07-17 00:00:00+00:00,43.97031021118164,45.528751373291016,43.941688537597656,44.24149703979492,2469,0.0,0.0
2023-07-18 00:00:00+00:00,44.24913024902344,45.83186340332031,44.2183723449707,44.339561462402344,2599,0.0,0.0
2023-07-19 00:00:00+00:00,44.34189224243164,45.839683532714844,42.17302322387695,42.201805114746094,5849,0.0,0.0
2023-07-20 00:00:00+00:00,42.201805114746094,44.00656509399414,41.43036651611328,41.44932556152344,4287,0.0,0.0
2023-07-21 00:00:00+00:00,41.440738677978516,43.44219970703125,39.742671966552734,39.76154327392578,5856,0.0,0.0
2023-07-22 00:00:00+00:00,39.762577056884766,41.80855178833008,38.662353515625,38.675533294677734,5249,0.0,0.0
2023-07-23 00:00:00+00:00,38.670230865478516,41.3001594543457,38.63264083862305,38.64419174194336,4416,0.0,0.0
2023-07-24 00:00:00+00:00,38.641258239746094,41.23503494262695,38.40849685668945,38.427024841308594,4550,0.0,0.0
2023-07-25 00:00:00+00:00,38.42902374267578,40.91752624511719,37.46672821044922,37.47010803222656,5549,0.0,0.0
2023-07-26 00:00:00+00:00,37.4710807800293,40.18471908569336,37.450660705566406,38.85696029663086,3048,0.0,0.0
2023-07-27 00:00:00+00:00,38.86190414428711,41.52143096923828,37.50403594970703,37.51694107055664,6129,0.0,0.0
2023-07-28 00:00:00+00:00,37.51123809814453,40.1002197265625,36.10901641845703,36.123756408691406,7754,0.0,0.0
2023-07-29 00:00:00+00:00,36.12150955200195,38.903160095214844,35.2830924987793,35.296783447265625,5814,0.0,0.0
2023-07-30 00:00:00+00:00,35.30088806152344,37.934730529785156,35.28120040893555,36.8734245300293,1876,0.0,0.0
2023-07-31 00:00:00+00:00,36.87015914916992,39.64784240722656,36.852455139160156,37.130096435546875,4686,0.0,0.0
2023-08-01 00:00:00+00:00,37.12759017944336,40.54933547973633,37.112735748291016,37.61878967285156,5509,0.0,0.0
2023-08-02 00:00:00+00:00,37.61844253540039,39.67333221435547,37.59781265258789,38.84437561035156,1493,0.0,0.0
2023-08-03 00:00:00+00:00,38.84455871582031,40.274784088134766,38.37032699584961,38.392398834228516,2975,0.0,0.0
2023-08-04 00:00:00+00:00,38.39046859741211,39.80091857910156,36.585853576660156,36.58728790283203,5975,0.0,0.0
2023-08-05 00:00:00+00:00,36.588958740234375,37.93327713012695,36.4581413269043,36.521995544433594,3348,0.0,0.0
2023-08-06 00:00:00+00:00,36.525306701660156,37.864227294921875,36.239501953125,36.279945373535156,2569,0.0,0.0
2023-08-07 00:00:00+00:00,36.27937698364258,37.66755294799805,36.26198959350586,37.3315315246582,2814,0.0,0.0
2023-08-08 00:00:00+00:00,37.329620361328125,39.24951934814453,37.250057220458984,39.233219146728516,5144,0.0,0.0
2023-08-09 00:00:00+00:00,39.23463439941406,40.999725341796875,39.22010803222656,39.92290115356445,1927,0.0,0.0
2023-08-10 00:00:00+00:00,39.922428131103516,41.05511474609375,37.61735153198242,37.63847351074219,4344,0.0,0.0
2023-08-11 00:00:00+00:00,37.64003372192383,38.48331069946289,34.513187408447266,34.51647186279297,5578,0.0,0.0
2023-08-12 00:00:00+00:00,34.5158805847168,35.47623825073242,33.64438247680664,33.652130126953125,2765,0.0,0.0
2023-08-13 00:00:00+00:00,33.65104675292969,33.668052673339844,33.639530181884766,33.65309524536133,0,0.0,0.0
2023-08-14 00:00:00+00:00,33.65309524536133,36.19203567504883,33.65309524536133,34.96958923339844,3167,0.0,0.0
2023-08-15 00:00:00+00:00,34.96428298950195,35.997161865234375,34.94987869262695,35.9913330078125,363,0.0,0.0
2023-08-16 00:00:00+00:00,35.99155044555664,37.19618225097656,35.99048614501953,37.17478942871094,2268,0.0,0.0
2023-08-17 00:00:00+00:00,37.1785888671875,48.271934509277344,37.1718635559082,48.27082443237305,12265,0.0,0.0
2023-08-18 00:00:00+00:00,48.258968353271484,50.73560333251953,45.329833984375,46.398826599121094,8047,0.0,0.0
2023-08-19 00:00:00+00:00,46.409854888916016,47.4345588684082,43.97311782836914,43.98006820678711,3935,0.0,0.0
2023-08-20 00:00:00+00:00,43.984745025634766,45.56011199951172,43.12806701660156,43.775386810302734,5147,0.0,0.0
2023-08-21 00:00:00+00:00,43.7767448425293,45.19241714477539,43.75733184814453,44.744171142578125,557,0.0,0.0
2023-08-22 00:00:00+00:00,44.74825668334961,45.79710388183594,44.58529281616211,44.911048889160156,2317,0.0,0.0
2023-08-23 00:00:00+00:00,44.91666030883789,46.059059143066406,43.21518325805664,44.12059020996094,5179,0.0,0.0
2023-08-24 00:00:00+00:00,44.12349319458008,45.366092681884766,44.10417175292969,44.64687728881836,1214,0.0,0.0
2023-08-25 00:00:00+00:00,44.6328125,45.90841293334961,41.93782043457031,41.94953536987305,5254,0.0,0.0
2023-08-26 00:00:00+00:00,41.94919204711914,43.38481140136719,39.466121673583984,39.47216033935547,5095,0.0,0.0
2023-08-27 00:00:00+00:00,39.47332763671875,40.61503601074219,39.463130950927734,39.64693069458008,1605,0.0,0.0
2023-08-28 00:00:00+00:00,39.650604248046875,40.78107452392578,39.63828659057617,40.20049285888672,1126,0.0,0.0
2023-08-29 00:00:00+00:00,40.196834564208984,42.15656280517578,40.14287185668945,42.11918640136719,4740,0.0,0.0
2023-08-30 00:00:00+00:00,42.118690490722656,43.64092254638672,40.55819320678711,40.57373046875,4277,0.0,0.0
2023-08-31 00:00:00+00:00,40.57124328613281,41.744407653808594,38.89362335205078,38.90967559814453,3955,0.0,0.0
2023-09-01 00:00:00+00:00,38.91299057006836,40.020511627197266,38.38789749145508,38.67145919799805,2660,0.0,0.0
2023-09-02 00:00:00+00:00,38.67388153076172,39.85791778564453,37.83833312988281,37.85542678833008,2643,0.0,0.0
2023-09-03 00:00:00+00:00,37.85333251953125,39.118648529052734,37.8420524597168,39.11030960083008,723,0.0,0.0
2023-09-04 00:00:00+00:00,39.107540130615234,40.23032760620117,39.086978912353516,40.1977653503418,382,0.0,0.0
2023-09-05 00:00:00+00:00,40.197021484375,41.32714080810547,40.197021484375,40.994415283203125,726,0.0,0.0
2023-09-06 00:00:00+00:00,40.99412155151367,42.11067199707031,40.37122344970703,40.98224639892578,3093,0.0,0.0
2023-09-07 00:00:00+00:00,40.980953216552734,42.2103385925293,40.970218658447266,41.1938362121582,1477,0.0,0.0
2023-09-08 00:00:00+00:00,41.20392608642578,42.32419967651367,41.20392608642578,41.96253204345703,744,0.0,0.0
2023-09-09 00:00:00+00:00,41.965126037597656,43.133201599121094,40.95513153076172,40.9642219543457,2686,0.0,0.0
2023-09-10 00:00:00+00:00,40.96550750732422,42.11518478393555,40.955814361572266,42.08073043823242,362,0.0,0.0
2023-09-11 00:00:00+00:00,42.084903717041016,45.46683120727539,42.08396530151367,45.42832946777344,2127,0.0,0.0
2023-09-12 00:00:00+00:00,45.4266471862793,46.62009048461914,44.677024841308594,44.70106887817383,2370,0.0,0.0
2023-09-13 00:00:00+00:00,44.69954299926758,45.786380767822266,44.69954299926758,44.85062026977539,1604,0.0,0.0
2023-09-14 00:00:00+00:00,44.84919357299805,45.89077377319336,42.66826248168945,42.67453384399414,3861,0.0,0.0
2023-09-15 00:00:00+00:00,42.67772674560547,43.761566162109375,40.63915252685547,40.666019439697266,3804,0.0,0.0
2023-09-16 00:00:00+00:00,40.654239654541016,41.984840393066406,40.376564025878906,40.382015228271484,1898,0.0,0.0
2023-09-17 00:00:00+00:00,40.379676818847656,41.4914436340332,40.088768005371094,40.10435485839844,1850,0.0,0.0
2023-09-18 00:00:00+00:00,40.09657669067383,42.09516525268555,40.08229064941406,42.07097244262695,1228,0.0,0.0
2023-09-19 00:00:00+00:00,42.07097244262695,43.31058883666992,42.05035400390625,42.72941970825195,911,0.0,0.0
2023-09-20 00:00:00+00:00,42.728912353515625,43.8587532043457,40.876869201660156,41.45579147338867,5574,0.0,0.0
2023-09-21 00:00:00+00:00,41.45816421508789,42.725799560546875,41.264854431152344,41.271751403808594,2017,0.0,0.0
2023-09-22 00:00:00+00:00,41.27384948730469,42.470699310302734,37.73777770996094,37.74543380737305,6039,0.0,0.0
2023-09-23 00:00:00+00:00,37.745323181152344,38.985801696777344,37.72934341430664,38.03189468383789,1298,0.0,0.0
2023-09-24 00:00:00+00:00,38.027442932128906,39.23770523071289,38.021358489990234,39.211952209472656,784,0.0,0.0
2023-09-25 00:00:00+00:00,39.210567474365234,40.36702346801758,39.19983673095703,39.706459045410156,1041,0.0,0.0
2023-09-26 00:00:00+00:00,39.70543670654297,40.96940231323242,39.70018005371094,40.94413757324219,242,0.0,0.0
2023-09-27 00:00:00+00:00,40.94364547729492,42.169349670410156,39.511966705322266,39.51804733276367,3329,0.0,0.0
2023-09-28 00:00:00+00:00,39.51958465576172,40.66524124145508,39.48525619506836,40.402870178222656,2646,0.0,0.0
2023-09-29 00:00:00+00:00,40.40171432495117,42.1917839050293,38.00122833251953,38.00882339477539,5796,0.0,0.0
2023-09-30 00:00:00+00:00,38.00857162475586,39.15606689453125,36.97415542602539,37.47952651977539,3389,0.0,0.0
2023-10-01 00:00:00+00:00,37.47837448120117,38.713348388671875,37.465179443359375,38.606224060058594,244,0.0,0.0
2023-10-02 00:00:00+00:00,38.60776901245117,41.43054962158203,38.59267807006836,41.16563415527344,1946,0.0,0.0
2023-10-03 00:00:00+00:00,41.16396713256836,42.48543167114258,39.180694580078125,39.20177459716797,4071,0.0,0.0
2023-10-04 00:00:00+00:00,39.20100021362305,40.49632263183594,39.18089294433594,39.75706481933594,1011,0.0,0.0
2023-10-05 00:00:00+00:00,39.759010314941406,41.03101348876953,38.5295524597168,38.533111572265625,3087,0.0,0.0
2023-10-06 00:00:00+00:00,38.533748626708984,39.745384216308594,37.831146240234375,37.84657669067383,2415,0.0,0.0
2023-10-07 00:00:00+00:00,37.84499740600586,38.83837890625,37.668270111083984,38.04695129394531,1330,0.0,0.0
2023-10-08 00:00:00+00:00,38.049251556396484,39.40751647949219,38.049251556396484,38.83091735839844,652,0.0,0.0
2023-10-09 00:00:00+00:00,38.83286666870117,40.15424728393555,38.82201385498047,39.80519104003906,462,0.0,0.0
2023-10-10 00:00:00+00:00,39.80519104003906,41.153621673583984,39.794734954833984,40.36945724487305,978,0.0,0.0
2023-10-11 00:00:00+00:00,40.366451263427734,41.749332427978516,40.06700897216797,40.08356475830078,1960,0.0,0.0
2023-10-12 00:00:00+00:00,40.08277893066406,41.459014892578125,39.89071273803711,39.892791748046875,1832,0.0,0.0
2023-10-13 00:00:00+00:00,39.89481735229492,41.1745719909668,38.22545623779297,38.23418045043945,3479,0.0,0.0
2023-10-14 00:00:00+00:00,38.229148864746094,39.41560745239258,38.16911315917969,38.18050003051758,1603,0.0,0.0
2023-10-15 00:00:00+00:00,38.182281494140625,39.46249771118164,38.17001724243164,39.307952880859375,253,0.0,0.0
2023-10-16 00:00:00+00:00,39.31217956542969,40.934547424316406,39.29702377319336,40.92417907714844,1546,0.0,0.0
2023-10-17 00:00:00+00:00,40.92417907714844,42.94718551635742,40.91111373901367,42.64514923095703,943,0.0,0.0
2023-10-18 00:00:00+00:00,42.64775466918945,44.10352325439453,41.02863311767578,41.03638458251953,3586,0.0,0.0
2023-10-19 00:00:00+00:00,41.03638458251953,42.42783737182617,40.76852798461914,40.77168655395508,1954,0.0,0.0
2023-10-20 00:00:00+00:00,40.772178649902344,44.34592819213867,40.76908874511719,44.33751678466797,3273,0.0,0.0
2023-10-21 00:00:00+00:00,44.333614349365234,45.584922790527344,44.31725311279297,45.2459602355957,1000,0.0,0.0
2023-10-22 00:00:00+00:00,45.24335861206055,48.336490631103516,45.23847579956055,48.336490631103516,1867,0.0,0.0
2023-10-23 00:00:00+00:00,49.34434127807617,52.764068603515625,49.31669616699219,52.75527572631836,4670,0.0,0.0
2023-10-24 00:00:00+00:00,52.75527572631836,62.95526885986328,52.74549865722656,58.01834487915039,14616,0.0,0.0
2023-10-25 00:00:00+00:00,58.01616668701172,58.67233657836914,56.65742111206055,58.64783477783203,3547,0.0,0.0
2023-10-26 00:00:00+00:00,58.652523040771484,61.50752258300781,58.633296966552734,60.01576232910156,3397,0.0,0.0
2023-10-27 00:00:00+00:00,60.0167121887207,60.120731353759766,51.53409957885742,51.53506851196289,8285,0.0,0.0
2023-10-28 00:00:00+00:00,51.53554153442383,51.842803955078125,51.510894775390625,51.63545227050781,390,0.0,0.0
2023-10-29 00:00:00+00:00,51.6380729675293,55.57648849487305,51.63640594482422,55.568538665771484,2623,0.0,0.0
2023-10-30 00:00:00+00:00,55.57025909423828,58.1097526550293,55.49115753173828,58.08702850341797,1730,0.0,0.0
2023-10-31 00:00:00+00:00,58.08908462524414,58.13794708251953,57.33744430541992,57.36035919189453,803,0.0,0.0
2023-11-01 00:00:00+00:00,57.35566329956055,60.29168701171875,57.35566329956055,60.26451873779297,2064,0.0,0.0
2023-11-02 00:00:00+00:00,60.275062561035156,65.50293731689453,60.257957458496094,62.80979537963867,6154,0.0,0.0
2023-11-03 00:00:00+00:00,62.808563232421875,62.910888671875,61.75847625732422,61.793174743652344,1101,0.0,0.0
2023-11-04 00:00:00+00:00,61.79524612426758,63.46831130981445,61.761474609375,63.43633270263672,1031,0.0,0.0
2023-11-05 00:00:00+00:00,63.436553955078125,64.82296752929688,63.429752349853516,63.77373123168945,1560,0.0,0.0
2023-11-06 00:00:00+00:00,63.77284622192383,63.87770080566406,61.40364074707031,61.407798767089844,2079,0.0,0.0
2023-11-07 00:00:00+00:00,61.407691955566406,63.96479415893555,56.855228424072266,57.675086975097656,9870,0.0,0.0
2023-11-08 00:00:00+00:00,57.68093490600586,59.1336669921875,57.65705871582031,59.11975860595703,816,0.0,0.0
2023-11-09 00:00:00+00:00,59.13028335571289,65.24961853027344,59.11680603027344,64.1876449584961,4998,0.0,0.0
2023-11-10 00:00:00+00:00,64.1833724975586,64.22876739501953,61.83595275878906,61.87567138671875,1928,0.0,0.0
2023-11-11 00:00:00+00:00,61.88157272338867,61.931602478027344,61.37944793701172,61.386085510253906,572,0.0,0.0
2023-11-12 00:00:00+00:00,61.38666915893555,61.41224670410156,61.38666915893555,61.41224670410156,0,0.0,0.0
2023-11-13 00:00:00+00:00,61.41224670410156,62.618072509765625,61.41224670410156,62.587158203125,341,0.0,0.0
2023-11-14 00:00:00+00:00,62.59151077270508,62.89254379272461,61.607261657714844,61.64978790283203,910,0.0,0.0
2023-11-15 00:00:00+00:00,61.63864517211914,63.120948791503906,59.3307991027832,63.09891128540039,4735,0.0,0.0
2023-11-16 00:00:00+00:00,63.10379409790039,64.53662872314453,61.29017639160156,61.324302673339844,3142,0.0,0.0
2023-11-17 00:00:00+00:00,61.3166389465332,61.359039306640625,59.4747200012207,59.623905181884766,1703,0.0,0.0
2023-11-18 00:00:00+00:00,59.645442962646484,60.289947509765625,58.069969177246094,59.280059814453125,3254,0.0,0.0
2023-11-19 00:00:00+00:00,59.276554107666016,60.44050216674805,58.90338897705078,60.194881439208984,1843,0.0,0.0
2023-11-20 00:00:00+00:00,60.19306945800781,60.70818328857422,59.182823181152344,60.70322036743164,2085,0.0,0.0
2023-11-21 00:00:00+00:00,60.70734786987305,61.42125701904297,60.63124084472656,61.14082336425781,1079,0.0,0.0
2023-11-22 00:00:00+00:00,61.138885498046875,61.239803314208984,59.416168212890625,59.9674186706543,1867,0.0,0.0
2023-11-23 00:00:00+00:00,59.96308135986328,60.03850555419922,59.037200927734375,59.037200927734375,922,0.0,0.0
2023-11-24 00:00:00+00:00,59.04685592651367,59.15699768066406,57.605648040771484,57.85258483886719,1472,0.0,0.0
2023-11-25 00:00:00+00:00,57.845664978027344,58.056182861328125,57.7383918762207,57.780460357666016,360,0.0,0.0
2023-11-26 00:00:00+00:00,57.778099060058594,57.79579544067383,57.778099060058594,57.79579544067383,0,0.0,0.0
2023-11-27 00:00:00+00:00,57.79579544067383,58.37937545776367,56.89804458618164,56.90800476074219,1264,0.0,0.0
2023-11-28 00:00:00+00:00,56.90438461303711,57.071922302246094,55.62102508544922,55.65311050415039,1249,0.0,0.0
2023-11-29 00:00:00+00:00,55.6465950012207,55.95146179199219,55.6465950012207,55.909889221191406,180,0.0,0.0
2023-11-30 00:00:00+00:00,55.914825439453125,56.18548583984375,55.23656463623047,55.2510986328125,873,0.0,0.0
2023-12-01 00:00:00+00:00,55.252986907958984,56.02180480957031,55.21635437011719,55.99683380126953,188,0.0,0.0
2023-12-02 00:00:00+00:00,55.99000549316406,57.9099006652832,55.98841857910156,57.89586639404297,1041,0.0,0.0
2023-12-03 00:00:00+00:00,57.89365768432617,59.838417053222656,57.85883712768555,59.8143310546875,1056,0.0,0.0
2023-12-04 00:00:00+00:00,59.818687438964844,59.8482666015625,59.77178955078125,59.826297760009766,0,0.0,0.0
2023-12-05 00:00:00+00:00,59.826297760009766,60.30522155761719,59.522796630859375,59.59857177734375,709,0.0,0.0
2023-12-06 00:00:00+00:00,59.60160446166992,60.55165100097656,59.55967330932617,60.48448944091797,169,0.0,0.0
2023-12-07 00:00:00+00:00,60.4851188659668,60.4851188659668,58.55002975463867,59.54436492919922,0,0.0,0.0
2023-12-08 00:00:00+00:00,59.54606246948242,59.66789627075195,59.53496551513672,59.56131362915039,0,0.0,0.0
2023-12-09 00:00:00+00:00,59.56326675415039,61.2072868347168,59.55796813964844,61.18424606323242,0,0.0,0.0
2023-12-10 00:00:00+00:00,61.1790657043457,61.6443977355957,61.053035736083984,61.57861328125,0,0.0,0.0
2023-12-11 00:00:00+00:00,61.575828552246094,86.22225189208984,61.568294525146484,83.32113647460938,0,0.0,0.0
2023-12-12 00:00:00+00:00,83.31842041015625,83.33180236816406,60.74598693847656,60.98125076293945,0,0.0,0.0
2023-12-13 00:00:00+00:00,60.98318099975586,60.98318099975586,60.41510772705078,60.418888092041016,0,0.0,0.0
2023-12-14 00:00:00+00:00,60.41655349731445,60.44750213623047,57.84590148925781,57.84882736206055,0,0.0,0.0
2023-12-15 00:00:00+00:00,57.85019302368164,57.88951110839844,57.84260177612305,57.85631561279297,0,0.0,0.0
2023-12-16 00:00:00+00:00,57.85631561279297,57.85631561279297,57.85631561279297,57.85631561279297,0,0.0,0.0
2023-12-17 00:00:00+00:00,57.85631561279297,57.85631561279297,57.85631561279297,57.85631561279297,0,0.0,0.0
2023-12-18 00:00:00+00:00,57.85631561279297,58.59653854370117,57.85631561279297,58.56007766723633,0,0.0,0.0
2023-12-19 00:00:00+00:00,58.556617736816406,59.3494873046875,58.5485725402832,59.29983901977539,0,0.0,0.0
2023-12-20 00:00:00+00:00,59.30220031738281,61.1501579284668,59.278079986572266,61.1501579284668,0,0.0,0.0
2023-12-21 00:00:00+00:00,61.1501579284668,61.5921630859375,60.13251876831055,61.5921630859375,0,0.0,0.0
2023-12-22 00:00:00+00:00,61.5921630859375,61.5921630859375,61.5921630859375,61.5921630859375,0,0.0,0.0
2023-12-23 00:00:00+00:00,61.5921630859375,61.5921630859375,61.5921630859375,61.5921630859375,0,0.0,0.0
2023-12-24 00:00:00+00:00,61.5921630859375,61.602725982666016,61.5921630859375,61.602725982666016,0,0.0,0.0
2023-12-25 00:00:00+00:00,61.602725982666016,61.602725982666016,61.602725982666016,61.602725982666016,0,0.0,0.0
